Order,Family,Scientific,English,Mass
Strigiformes,Tytonidae,Tyto tenebricosa,Sooty Owl,660.6
Strigiformes,Tytonidae,Tyto inexspectata,Sulawesi Golden Owl,521.71
Strigiformes,Tytonidae,Tyto nigrobrunnea,Taliabu Masked-owl,521.71
Strigiformes,Tytonidae,Tyto sororcula,Lesser Masked-owl,521.71
Strigiformes,Tytonidae,Tyto manusi,Manus Masked-owl,521.71
Strigiformes,Tytonidae,Tyto aurantia,Bismarck Masked-owl,521.71
Strigiformes,Tytonidae,Tyto novaehollandiae,Australian Masked-owl,631.85
Strigiformes,Tytonidae,Tyto rosenbergii,Sulawesi Owl,521.71
Strigiformes,Tytonidae,Tyto soumagnei,Madagascar Red Owl,284
Strigiformes,Tytonidae,Tyto alba,Barn Owl,403.32
Strigiformes,Tytonidae,Tyto glaucops,Ashy-faced Owl,521.71
Strigiformes,Tytonidae,Tyto capensis,African Grass-owl,364.74
Strigiformes,Tytonidae,Tyto longimembris,Eastern Grass-owl,352.5
Strigiformes,Tytonidae,Phodilus prigoginei,Congo Bay-owl,195
Strigiformes,Tytonidae,Phodilus badius,Oriental Bay-owl,280.24
Strigiformes,Strigidae,Otus sagittatus,White-fronted Scops-owl,122.64
Strigiformes,Strigidae,Otus rufescens,Reddish Scops-owl,76.54
Strigiformes,Strigidae,Otus icterorhynchus,Sandy Scops-owl,73.29
Strigiformes,Strigidae,Otus ireneae,Sokoke Scops-owl,50.3
Strigiformes,Strigidae,Otus balli,Andaman Scops-owl,123.28
Strigiformes,Strigidae,Otus spilocephalus,Mountain Scops-owl,67.5
Strigiformes,Strigidae,Otus umbra,Simeulue Scops-owl,95
Strigiformes,Strigidae,Otus angelinae,Javan Scops-owl,82.2
Strigiformes,Strigidae,Otus manadensis,Sulawesi Scops-owl,88.3
Strigiformes,Strigidae,Otus longicornis,Luzon Scops-owl,82.87
Strigiformes,Strigidae,Otus mindorensis,Mindoro Scops-owl,123.28
Strigiformes,Strigidae,Otus mirus,Mindanao Scops-owl,61.32
Strigiformes,Strigidae,Otus hartlaubi,Sao Tome Scops-owl,79
Strigiformes,Strigidae,Otus brucei,Pallid Scops-owl,84.35
Strigiformes,Strigidae,Otus flammeolus,Flammulated Owl,59.9
Strigiformes,Strigidae,Otus scops,Common Scops-owl,92
Strigiformes,Strigidae,Otus sunia,Oriental Scops-owl,78.09
Strigiformes,Strigidae,Otus senegalensis,African Scops-owl,67
Strigiformes,Strigidae,Otus elegans,Elegant Scops-owl,124
Strigiformes,Strigidae,Otus mantananensis,Mantanani Scops-owl,106
Strigiformes,Strigidae,Otus magicus,Moluccan Scops-owl,165
Strigiformes,Strigidae,Otus beccarii,Biak Scops-owl,165
Strigiformes,Strigidae,Otus alfredi,Flores Scops-owl,123.28
Strigiformes,Strigidae,Otus enganensis,Enggano Scops-owl,104.88
Strigiformes,Strigidae,Otus insularis,Seychelles Scops-owl,123.28
Strigiformes,Strigidae,Otus rutilus,Malagasy Scops-owl,101
Strigiformes,Strigidae,Otus pembaensis,Pemba Scops-owl,123.28
Strigiformes,Strigidae,Otus capnodes,Anjouan Scops-owl,119
Strigiformes,Strigidae,Otus pauliani,Grand Comoro Scops-owl,69.49
Strigiformes,Strigidae,Otus brookii,Rajah Scops-owl,123.28
Strigiformes,Strigidae,Otus bakkamoena,Collared Scops-owl,146.3
Strigiformes,Strigidae,Otus lettia,Collared Scops Owl,142.33
Strigiformes,Strigidae,Otus lempiji,Sunda Scops Owl,142.33
Strigiformes,Strigidae,Otus semitorques,Japanese Scops Owl,121.53
Strigiformes,Strigidae,Otus mentawi,Mentawai Scops-owl,123.28
Strigiformes,Strigidae,Otus fuliginosus,Palawan Scops-owl,123.28
Strigiformes,Strigidae,Otus megalotis,Philippine Scops-owl,178.4
Strigiformes,Strigidae,Otus silvicola,Wallace's Scops-owl,123.28
Strigiformes,Strigidae,Otus leucotis,White-faced Scops-owl,204
Strigiformes,Strigidae,Megascops kennicottii,Western Screech-owl,141.82
Strigiformes,Strigidae,Megascops seductus,Balsas Screech-owl,160
Strigiformes,Strigidae,Megascops cooperi,Pacific Screech-owl,149.94
Strigiformes,Strigidae,Megascops asio,Eastern Screech-owl,179.99
Strigiformes,Strigidae,Megascops trichopsis,Whiskered Screech-owl,88.26
Strigiformes,Strigidae,Megascops choliba,Tropical Screech-owl,132
Strigiformes,Strigidae,Megascops koepckeae,Koepcke's Screech-owl,116.93
Strigiformes,Strigidae,Megascops roboratus,West Peruvian Screech-owl,126.7
Strigiformes,Strigidae,Megascops clarkii,Bare-shanked Screech-owl,158.46
Strigiformes,Strigidae,Megascops barbarus,Bearded Screech-owl,69
Strigiformes,Strigidae,Megascops ingens,Rufescent Screech-owl,165.32
Strigiformes,Strigidae,Megascops marshalli,Cloud-forest Screech-owl,101
Strigiformes,Strigidae,Megascops watsonii,Tawny-bellied Screech-owl,129
Strigiformes,Strigidae,Megascops atricapilla,Black-capped Screech-owl,118.89
Strigiformes,Strigidae,Megascops hoyi,Montane Forest Screech-owl,110
Strigiformes,Strigidae,Megascops guatemalae,Vermiculated Screech-owl,118
Strigiformes,Strigidae,Megascops sanctaecatarinae,Long-tufted Screech-owl,179.72
Strigiformes,Strigidae,Gymnoglaux lawrencii,Bare-legged Owl,95.2
Strigiformes,Strigidae,Megascops nudipes,Puerto Rican Screech-owl,137.34
Strigiformes,Strigidae,Otus podarginus,Palau Scops-owl,123.28
Strigiformes,Strigidae,Megascops albogularis,White-throated Screech-owl,159
Strigiformes,Strigidae,Mimizuku gurneyi,Giant Scops-owl,253
Strigiformes,Strigidae,Bubo virginianus,Great Horned Owl,1575.7
Strigiformes,Strigidae,Bubo bubo,Eurasian Eagle-owl,2668.51
Strigiformes,Strigidae,Bubo bengalensis,Rock Eagle-owl,1100
Strigiformes,Strigidae,Bubo ascalaphus,Pharaoh Eagle-owl,2100
Strigiformes,Strigidae,Bubo capensis,Cape Eagle-owl,1118.64
Strigiformes,Strigidae,Bubo africanus,Spotted Eagle-owl,685
Strigiformes,Strigidae,Bubo poensis,Fraser's Eagle-owl,654.94
Strigiformes,Strigidae,Bubo vosseleri,Usambara Eagle-owl,822.5
Strigiformes,Strigidae,Bubo nipalensis,Spot-bellied Eagle-owl,1396.42
Strigiformes,Strigidae,Bubo sumatranus,Barred Eagle-owl,1525
Strigiformes,Strigidae,Bubo shelleyi,Shelley's Eagle-owl,1257
Strigiformes,Strigidae,Bubo lacteus,Giant Eagle-owl,2114.94
Strigiformes,Strigidae,Bubo coromandus,Dusky Eagle-owl,1392.15
Strigiformes,Strigidae,Bubo leucostictus,Akun Eagle-owl,532.54
Strigiformes,Strigidae,Bubo philippensis,Philippine Eagle-owl,1392.15
Strigiformes,Strigidae,Ketupa blakistoni,Blakiston's Fish-owl,937.5
Strigiformes,Strigidae,Ketupa zeylonensis,Brown Fish-owl,1105
Strigiformes,Strigidae,Ketupa flavipes,Tawny Fish-owl,2315
Strigiformes,Strigidae,Ketupa ketupu,Buffy Fish-owl,1293
Strigiformes,Strigidae,Bubo scandiaca,Snowy Owl,2028.76
Strigiformes,Strigidae,Scotopelia peli,Pel's Fishing-owl,1942.75
Strigiformes,Strigidae,Scotopelia ussheri,Rufous Fishing-owl,787.18
Strigiformes,Strigidae,Scotopelia bouvieri,Vermiculated Fishing-owl,636.99
Strigiformes,Strigidae,Strix seloputo,Spotted Wood-owl,1011
Strigiformes,Strigidae,Strix ocellata,Mottled Wood-owl,559.09
Strigiformes,Strigidae,Strix leptogrammica,Brown Wood-owl,970
Strigiformes,Strigidae,Strix aluco,Tawny Owl,472.46
Strigiformes,Strigidae,Strix butleri,Hume's Owl,219
Strigiformes,Strigidae,Strix occidentalis,Spotted Owl,586.37
Strigiformes,Strigidae,Strix varia,Barred Owl,711.49
Strigiformes,Strigidae,Strix fulvescens,Fulvous Owl,559.09
Strigiformes,Strigidae,Strix hylophila,Rusty-barred Owl,345.38
Strigiformes,Strigidae,Strix rufipes,Rufous-legged Owl,380
Strigiformes,Strigidae,Strix uralensis,Ural Owl,780.56
Strigiformes,Strigidae,Strix davidi,Pere David's Owl,559.09
Strigiformes,Strigidae,Strix nebulosa,Great Grey Owl,1061.89
Strigiformes,Strigidae,Strix virgata,Mottled Owl,283.97
Strigiformes,Strigidae,Strix nigrolineata,Black-and-white Owl,457.89
Strigiformes,Strigidae,Strix huhula,Black-banded Owl,370
Strigiformes,Strigidae,Strix albitarsis,Rufous-banded Owl,559.09
Strigiformes,Strigidae,Strix woodfordii,African Wood-owl,350
Strigiformes,Strigidae,Jubula lettii,Maned Owl,183
Strigiformes,Strigidae,Lophostrix cristata,Crested Owl,538.66
Strigiformes,Strigidae,Pulsatrix perspicillata,Spectacled Owl,983.55
Strigiformes,Strigidae,Pulsatrix koeniswaldiana,Tawny-browed Owl,481
Strigiformes,Strigidae,Pulsatrix melanota,Band-bellied Owl,695.5
Strigiformes,Strigidae,Surnia ulula,Northern Hawk Owl,319.9
Strigiformes,Strigidae,Glaucidium passerinum,Eurasian Pygmy-owl,57.87
Strigiformes,Strigidae,Glaucidium brodiei,Collared Owlet,59.39
Strigiformes,Strigidae,Glaucidium perlatum,Pearl-spotted Owlet,79.24
Strigiformes,Strigidae,Glaucidium californicum,Northern Pygmy Owl,67.5
Strigiformes,Strigidae,Glaucidium gnoma,Northern Pygmy-owl,61.25
Strigiformes,Strigidae,Glaucidium jardinii,Andean Pygmy-owl,66.9
Strigiformes,Strigidae,Glaucidium bolivianum,Yungas Pygmy-owl,62.95
Strigiformes,Strigidae,Glaucidium palmarum,Colima Pygmy-owl,45.7
Strigiformes,Strigidae,Glaucidium sanchezi,Tamaulipas Pygmy-owl,55
Strigiformes,Strigidae,Glaucidium griseiceps,Central American Pygmy-owl,50.58
Strigiformes,Strigidae,Glaucidium parkeri,Subtropical Pygmy-owl,61.39
Strigiformes,Strigidae,Glaucidium hardyi,Amazonian Pygmy-owl,58.3
Strigiformes,Strigidae,Glaucidium minutissimum,Least Pygmy-owl,50
Strigiformes,Strigidae,Glaucidium brasilianum,Ferruginous Pygmy-owl,75.1
Strigiformes,Strigidae,Glaucidium peruanum,Peruvian Pygmy-owl,62.41
Strigiformes,Strigidae,Glaucidium nanum,Austral Pygmy-owl,73.7
Strigiformes,Strigidae,Glaucidium siju,Cuban Pygmy-owl,69.47
Strigiformes,Strigidae,Glaucidium tephronotum,Red-chested Owlet,87.39
Strigiformes,Strigidae,Glaucidium sjostedti,Sjostedt's Owlet,139
Strigiformes,Strigidae,Glaucidium cuculoides,Asian Barred Owlet,198.16
Strigiformes,Strigidae,Glaucidium castanopterum,Javan Owlet,76.02
Strigiformes,Strigidae,Glaucidium radiatum,Jungle Owlet,101
Strigiformes,Strigidae,Glaucidium castanonotum,Chestnut-backed Owlet,100
Strigiformes,Strigidae,Glaucidium capense,African Barred Owlet,122
Strigiformes,Strigidae,Glaucidium castaneum,Chestnut Owlet,100
Strigiformes,Strigidae,Glaucidium albertinum,Albertine Owlet,73
Strigiformes,Strigidae,Xenoglaux loweryi,Long-whiskered Owlet,48
Strigiformes,Strigidae,Micrathene whitneyi,Elf Owl,41
Strigiformes,Strigidae,Athene noctua,Little Owl,168.92
Strigiformes,Strigidae,Athene brama,Spotted Owlet,112
Strigiformes,Strigidae,Heteroglaux blewitti,Forest Owlet,241
Strigiformes,Strigidae,Athene cunicularia,Burrowing Owl,150.61
Strigiformes,Strigidae,Aegolius funereus,Boreal Owl,137.18
Strigiformes,Strigidae,Aegolius acadicus,Northern Saw-whet Owl,100.69
Strigiformes,Strigidae,Aegolius ridgwayi,Southern Saw-whet Owl,80
Strigiformes,Strigidae,Aegolius harrisii,Buff-fronted Owl,120
Strigiformes,Strigidae,Ninox rufa,Rufous Owl,931.67
Strigiformes,Strigidae,Ninox strenua,Powerful Owl,1345.97
Strigiformes,Strigidae,Ninox connivens,Barking Owl,577.99
Strigiformes,Strigidae,Ninox rudolfi,Sumba Boobook,348.96
Strigiformes,Strigidae,Ninox boobook,Southern Boobook,282.19
Strigiformes,Strigidae,Ninox novaeseelandiae,Southern Boobook,183.37
Strigiformes,Strigidae,Ninox scutulata,Brown Hawk-owl,191
Strigiformes,Strigidae,Ninox affinis,Andaman Hawk-owl,348.96
Strigiformes,Strigidae,Ninox superciliaris,White-browed Hawk-owl,231
Strigiformes,Strigidae,Ninox philippensis,Philippine Hawk-owl,127.89
Strigiformes,Strigidae,Ninox ochracea,Ochre-bellied Hawk-owl,348.96
Strigiformes,Strigidae,Ninox squamipila,Moluccan Hawk-owl,210
Strigiformes,Strigidae,Ninox natalis,Christmas Island Hawk-owl,184
Strigiformes,Strigidae,Ninox theomacha,Jungle Hawk-owl,125
Strigiformes,Strigidae,Ninox meeki,Manus Hawk-owl,209
Strigiformes,Strigidae,Ninox punctulata,Speckled Hawk-owl,151
Strigiformes,Strigidae,Ninox variegata,Bismarck Hawk-owl,348.96
Strigiformes,Strigidae,Ninox odiosa,Russet Hawk-owl,209
Strigiformes,Strigidae,Ninox jacquinoti,Solomons Hawk-owl,200.81
Strigiformes,Strigidae,Uroglaux dimorpha,Papuan Hawk-owl,281
Strigiformes,Strigidae,Pseudoscops grammicus,Jamaican Owl,335
Strigiformes,Strigidae,Asio stygius,Stygian Owl,565
Strigiformes,Strigidae,Asio otus,Long-eared Owl,296.57
Strigiformes,Strigidae,Asio abyssinicus,Abyssinian Owl,407
Strigiformes,Strigidae,Asio madagascariensis,Madagascar Owl,407
Strigiformes,Strigidae,Pseudoscops clamator,Striped Owl,443.28
Strigiformes,Strigidae,Asio flammeus,Short-eared Owl,322.61
Strigiformes,Strigidae,Asio capensis,Marsh Owl,334
Strigiformes,Strigidae,Nesasio solomonensis,Fearful Owl,1155
Cariamiformes,Cariamidae,Cariama cristata,Red-legged Seriema,1400
Cariamiformes,Cariamidae,Chunga burmeisteri,Black-legged Seriema,1298
Accipitriformes,Accipitridae,Pandion haliaetus,Osprey,1483.2
Accipitriformes,Accipitridae,Aviceda cuculoides,African Baza,277
Accipitriformes,Accipitridae,Aviceda madagascariensis,Madagascar Baza,292
Accipitriformes,Accipitridae,Aviceda jerdoni,Jerdon's Baza,363
Accipitriformes,Accipitridae,Aviceda subcristata,Pacific Baza,322.65
Accipitriformes,Accipitridae,Aviceda leuphotes,Black Baza,193.98
Accipitriformes,Accipitridae,Leptodon cayanensis,Grey-headed Kite,474
Accipitriformes,Accipitridae,Leptodon forbesi,White-collared Kite,577
Accipitriformes,Accipitridae,Chondrohierax uncinatus,Hook-billed Kite,286.07
Accipitriformes,Accipitridae,Henicopernis longicauda,Long-tailed Honey-buzzard,571.23
Accipitriformes,Accipitridae,Henicopernis infuscatus,Black Honey-buzzard,730
Accipitriformes,Accipitridae,Pernis apivorus,European Honey-buzzard,754.37
Accipitriformes,Accipitridae,Pernis ptilorhyncus,Oriental Honey-buzzard,1141.13
Accipitriformes,Accipitridae,Pernis celebensis,Barred Honey-buzzard,721.99
Accipitriformes,Accipitridae,Lophoictinia isura,Square-tailed Kite,579.37
Accipitriformes,Accipitridae,Hamirostra melanosternon,Black-breasted Buzzard,1196
Accipitriformes,Accipitridae,Elanoides forficatus,American Swallow-tailed Kite,416.24
Accipitriformes,Accipitridae,Macheiramphus alcinus,Bat Hawk,650
Accipitriformes,Accipitridae,Gampsonyx swainsonii,Pearl Kite,92.9
Accipitriformes,Accipitridae,Elanus caeruleus,Black-winged Kite,259.76
Accipitriformes,Accipitridae,Elanus axillaris,Black-shouldered Kite,270.1
Accipitriformes,Accipitridae,Elanus leucurus,White-tailed Kite,346
Accipitriformes,Accipitridae,Elanus scriptus,Letter-winged Kite,316
Accipitriformes,Accipitridae,Chelictinia riocourii,African Swallow-tailed Kite,110
Accipitriformes,Accipitridae,Rostrhamus sociabilis,Snail Kite,366.94
Accipitriformes,Accipitridae,Helicolestes hamatus,Slender-billed Kite,425.46
Accipitriformes,Accipitridae,Harpagus bidentatus,Double-toothed Kite,215.25
Accipitriformes,Accipitridae,Harpagus diodon,Rufous-thighed Kite,200
Accipitriformes,Accipitridae,Ictinia mississippiensis,Mississippi Kite,276.03
Accipitriformes,Accipitridae,Ictinia plumbea,Plumbeous Kite,249.9
Accipitriformes,Accipitridae,Milvus milvus,Red Kite,1071.77
Accipitriformes,Accipitridae,Milvus migrans,Black Kite,734.1
Accipitriformes,Accipitridae,Haliastur sphenurus,Whistling Kite,752.99
Accipitriformes,Accipitridae,Haliastur indus,Brahminy Kite,529
Accipitriformes,Accipitridae,Haliaeetus leucogaster,White-bellied Sea-eagle,2827.01
Accipitriformes,Accipitridae,Haliaeetus sanfordi,Sanford's Sea-eagle,1980
Accipitriformes,Accipitridae,Haliaeetus vocifer,African Fish-eagle,3400
Accipitriformes,Accipitridae,Haliaeetus vociferoides,Madagascar Fish-eagle,3000
Accipitriformes,Accipitridae,Haliaeetus leucoryphus,Pallas's Fish-eagle,2885.92
Accipitriformes,Accipitridae,Haliaeetus albicilla,White-tailed Eagle,4729.27
Accipitriformes,Accipitridae,Haliaeetus leucocephalus,Bald Eagle,4700.58
Accipitriformes,Accipitridae,Haliaeetus pelagicus,Steller's Sea-eagle,7756.99
Accipitriformes,Accipitridae,Ichthyophaga humilis,Lesser Fish-eagle,782
Accipitriformes,Accipitridae,Ichthyophaga ichthyaetus,Grey-headed Fish-eagle,1590
Accipitriformes,Accipitridae,Gypohierax angolensis,Palm-nut Vulture,1600
Accipitriformes,Accipitridae,Gypaetus barbatus,Lammergeier,5694.98
Accipitriformes,Accipitridae,Neophron percnopterus,Egyptian Vulture,2082
Accipitriformes,Accipitridae,Necrosyrtes monachus,Hooded Vulture,2043
Accipitriformes,Accipitridae,Gyps africanus,White-backed Vulture,5432.99
Accipitriformes,Accipitridae,Gyps bengalensis,White-rumped Vulture,4385
Accipitriformes,Accipitridae,Gyps indicus,Indian Vulture,5515
Accipitriformes,Accipitridae,Gyps rueppellii,Rueppell's Vulture,7399.99
Accipitriformes,Accipitridae,Gyps himalayensis,Himalayan Vulture,9797.95
Accipitriformes,Accipitridae,Gyps fulvus,Griffon Vulture,7435.99
Accipitriformes,Accipitridae,Gyps coprotheres,Cape Vulture,8176.99
Accipitriformes,Accipitridae,Aegypius monachus,Cinereous Vulture,9320.55
Accipitriformes,Accipitridae,Torgos tracheliotos,Lappet-faced Vulture,6969
Accipitriformes,Accipitridae,Trigonoceps occipitalis,White-headed Vulture,3016
Accipitriformes,Accipitridae,Sarcogyps calvus,Red-headed Vulture,4469.89
Accipitriformes,Accipitridae,Circaetus gallicus,Short-toed Snake-eagle,1699.12
Accipitriformes,Accipitridae,Circaetus pectoralis,Black-chested Snake-eagle,1500
Accipitriformes,Accipitridae,Circaetus cinereus,Brown Snake-eagle,2048
Accipitriformes,Accipitridae,Circaetus fasciolatus,Southern Banded Snake-eagle,1013.6
Accipitriformes,Accipitridae,Circaetus cinerascens,Banded Snake-eagle,1115
Accipitriformes,Accipitridae,Terathopius ecaudatus,Bateleur,2200
Accipitriformes,Accipitridae,Spilornis cheela,Crested Serpent-eagle,597.74
Accipitriformes,Accipitridae,Spilornis klossi,South Nicobar Serpent-eagle,938.66
Accipitriformes,Accipitridae,Spilornis kinabaluensis,Mountain Serpent-eagle,938.66
Accipitriformes,Accipitridae,Spilornis rufipectus,Sulawesi Serpent-eagle,938.66
Accipitriformes,Accipitridae,Spilornis holospilus,Philippine Serpent-eagle,705
Accipitriformes,Accipitridae,Spilornis elgini,Andaman Serpent-eagle,895
Accipitriformes,Accipitridae,Dryotriorchis spectabilis,Congo Serpent-eagle,697
Accipitriformes,Accipitridae,Eutriorchis astur,Madagascar Serpent-eagle,1790
Accipitriformes,Accipitridae,Circus aeruginosus,Western Marsh-harrier,704.07
Accipitriformes,Accipitridae,Circus ranivorus,African Marsh-harrier,507
Accipitriformes,Accipitridae,Circus spilonotus,Eastern Marsh-harrier,558.78
Accipitriformes,Accipitridae,Circus approximans,Swamp Harrier,746.19
Accipitriformes,Accipitridae,Circus maillardi,Reunion Harrier,663.6
Accipitriformes,Accipitridae,Circus buffoni,Long-winged Harrier,507.4
Accipitriformes,Accipitridae,Circus assimilis,Spotted Harrier,558.58
Accipitriformes,Accipitridae,Circus maurus,Black Harrier,508.99
Accipitriformes,Accipitridae,Circus cyaneus,Northern Harrier,392.98
Accipitriformes,Accipitridae,Circus cinereus,Cinereous Harrier,399.67
Accipitriformes,Accipitridae,Circus macrourus,Pallid Harrier,384.36
Accipitriformes,Accipitridae,Circus melanoleucos,Pied Harrier,336.3
Accipitriformes,Accipitridae,Circus pygargus,Montagu's Harrier,310.75
Accipitriformes,Accipitridae,Polyboroides typus,African Harrier-hawk,633.24
Accipitriformes,Accipitridae,Polyboroides radiatus,Madagascar Harrier-hawk,570
Accipitriformes,Accipitridae,Kaupifalco monogrammicus,Lizard Buzzard,278.94
Accipitriformes,Accipitridae,Melierax metabates,Dark Chanting-goshawk,674.53
Accipitriformes,Accipitridae,Melierax poliopterus,Eastern Chanting-goshawk,629.88
Accipitriformes,Accipitridae,Melierax canorus,Pale Chanting-goshawk,663.32
Accipitriformes,Accipitridae,Melierax gabar,Gabar Goshawk,169.55
Accipitriformes,Accipitridae,Accipiter poliogaster,Gray-bellied Hawk,1369.41
Accipitriformes,Accipitridae,Accipiter trivirgatus,Crested Goshawk,265.04
Accipitriformes,Accipitridae,Accipiter griseiceps,Sulawesi Goshawk,251.76
Accipitriformes,Accipitridae,Accipiter tachiro,African Goshawk,381
Accipitriformes,Accipitridae,Accipiter castanilius,Chestnut-flanked Sparrowhawk,157.51
Accipitriformes,Accipitridae,Accipiter badius,Shikra,131.15
Accipitriformes,Accipitridae,Accipiter butleri,Nicobar Sparrowhawk,332.94
Accipitriformes,Accipitridae,Accipiter brevipes,Levant Sparrowhawk,186.48
Accipitriformes,Accipitridae,Accipiter soloensis,Chinese Goshawk,164.77
Accipitriformes,Accipitridae,Accipiter francesiae,Frances's Sparrowhawk,136.82
Accipitriformes,Accipitridae,Accipiter trinotatus,Spot-tailed Goshawk,146
Accipitriformes,Accipitridae,Accipiter novaehollandiae,Grey Goshawk,326.06
Accipitriformes,Accipitridae,Accipiter fasciatus,Brown Goshawk,358.66
Accipitriformes,Accipitridae,Accipiter melanochlamys,Black-mantled Goshawk,265
Accipitriformes,Accipitridae,Accipiter albogularis,Pied Goshawk,248.75
Accipitriformes,Accipitridae,Accipiter haplochrous,White-bellied Goshawk,198.41
Accipitriformes,Accipitridae,Accipiter rufitorques,Fiji Goshawk,209
Accipitriformes,Accipitridae,Accipiter henicogrammus,Moluccan Goshawk,332.94
Accipitriformes,Accipitridae,Accipiter luteoschistaceus,Slaty-mantled Sparrowhawk,214
Accipitriformes,Accipitridae,Accipiter imitator,Imitator Sparrowhawk,222.49
Accipitriformes,Accipitridae,Accipiter poliocephalus,Grey-headed Goshawk,214.76
Accipitriformes,Accipitridae,Accipiter princeps,New Britain Goshawk,332.94
Accipitriformes,Accipitridae,Accipiter superciliosus,Tiny Hawk,99.51
Accipitriformes,Accipitridae,Accipiter collaris,Semicollared Hawk,332.94
Accipitriformes,Accipitridae,Accipiter erythropus,Red-thighed Sparrowhawk,111.2
Accipitriformes,Accipitridae,Accipiter minullus,Little Sparrowhawk,87.43
Accipitriformes,Accipitridae,Accipiter gularis,Japanese Sparrowhawk,120.66
Accipitriformes,Accipitridae,Accipiter virgatus,Besra,116.99
Accipitriformes,Accipitridae,Accipiter nanus,Small Sparrowhawk,332.94
Accipitriformes,Accipitridae,Accipiter erythrauchen,Rufous-necked Sparrowhawk,156
Accipitriformes,Accipitridae,Accipiter cirrocephalus,Collared Sparrowhawk,165.73
Accipitriformes,Accipitridae,Accipiter brachyurus,New Britain Sparrowhawk,142
Accipitriformes,Accipitridae,Accipiter rhodogaster,Vinous-breasted Sparrowhawk,172.71
Accipitriformes,Accipitridae,Accipiter madagascariensis,Madagascar Sparrowhawk,180.41
Accipitriformes,Accipitridae,Accipiter ovampensis,Ovampo Sparrowhawk,195
Accipitriformes,Accipitridae,Accipiter nisus,Eurasian Sparrowhawk,220.79
Accipitriformes,Accipitridae,Accipiter rufiventris,Rufous-chested Sparrowhawk,198
Accipitriformes,Accipitridae,Accipiter striatus,Sharp-shinned Hawk,130.59
Accipitriformes,Accipitridae,Accipiter chionogaster,White-breasted Hawk,332.94
Accipitriformes,Accipitridae,Accipiter ventralis,Plain-breasted Hawk,233
Accipitriformes,Accipitridae,Accipiter erythronemius,Rufous-thighed Hawk,125
Accipitriformes,Accipitridae,Accipiter cooperii,Cooper's Hawk,429.67
Accipitriformes,Accipitridae,Accipiter gundlachi,Gundlach's Hawk,675
Accipitriformes,Accipitridae,Accipiter bicolor,Bicoloured Hawk,287.54
Accipitriformes,Accipitridae,Accipiter chilensis,Chilean Hawk,368
Accipitriformes,Accipitridae,Accipiter melanoleucus,Black Goshawk,698.99
Accipitriformes,Accipitridae,Accipiter henstii,Henst's Goshawk,1050
Accipitriformes,Accipitridae,Accipiter gentilis,Northern Goshawk,866.04
Accipitriformes,Accipitridae,Accipiter meyerianus,Meyer's Goshawk,763.54
Accipitriformes,Accipitridae,Erythrotriorchis buergersi,Chestnut-shouldered Goshawk,575
Accipitriformes,Accipitridae,Erythrotriorchis radiatus,Red Goshawk,887.35
Accipitriformes,Accipitridae,Megatriorchis doriae,Doria's Goshawk,999.99
Accipitriformes,Accipitridae,Urotriorchis macrourus,Long-tailed Hawk,492
Accipitriformes,Accipitridae,Butastur rufipennis,Grasshopper Buzzard,334.87
Accipitriformes,Accipitridae,Butastur teesa,White-eyed Buzzard,325
Accipitriformes,Accipitridae,Butastur liventer,Rufous-winged Buzzard,337.99
Accipitriformes,Accipitridae,Butastur indicus,Grey-faced Buzzard,414.6
Accipitriformes,Accipitridae,Geranospiza caerulescens,Crane Hawk,302.5
Accipitriformes,Accipitridae,Leucopternis plumbeus,Plumbeous Hawk,482
Accipitriformes,Accipitridae,Leucopternis schistaceus,Slate-coloured Hawk,999.99
Accipitriformes,Accipitridae,Leucopternis princeps,Barred Hawk,999.99
Accipitriformes,Accipitridae,Leucopternis melanops,Black-faced Hawk,312
Accipitriformes,Accipitridae,Leucopternis kuhli,White-browed Hawk,352.09
Accipitriformes,Accipitridae,Leucopternis lacernulatus,White-necked Hawk,595.5
Accipitriformes,Accipitridae,Leucopternis semiplumbeus,Semiplumbeous Hawk,285.04
Accipitriformes,Accipitridae,Leucopternis albicollis,White Hawk,703.7
Accipitriformes,Accipitridae,Leucopternis occidentalis,Grey-backed Hawk,659.99
Accipitriformes,Accipitridae,Leucopternis polionotus,Mantled Hawk,595.5
Accipitriformes,Accipitridae,Buteogallus aequinoctialis,Rufous Crab-hawk,657.63
Accipitriformes,Accipitridae,Buteogallus anthracinus,Common Black-hawk,975.09
Accipitriformes,Accipitridae,Buteogallus urubitinga,Great Black-hawk,1152.87
Accipitriformes,Accipitridae,Buteogallus meridionalis,Savanna Hawk,807.99
Accipitriformes,Accipitridae,Parabuteo unicinctus,Harris's Hawk,850.28
Accipitriformes,Accipitridae,Busarellus nigricollis,Black-collared Hawk,766.14
Accipitriformes,Accipitridae,Geranoaetus melanoleucus,Black-chested Buzzard-eagle,2378.62
Accipitriformes,Accipitridae,Harpyhaliaetus solitarius,Solitary Eagle,3000
Accipitriformes,Accipitridae,Harpyhaliaetus coronatus,Crowned Eagle,2950
Accipitriformes,Accipitridae,Buteo nitidus,Grey Hawk,519.04
Accipitriformes,Accipitridae,Buteo magnirostris,Roadside Hawk,269
Accipitriformes,Accipitridae,Buteo lineatus,Red-shouldered Hawk,603.72
Accipitriformes,Accipitridae,Buteo ridgwayi,Ridgway's Hawk,866.4
Accipitriformes,Accipitridae,Buteo platypterus,Broad-winged Hawk,453.65
Accipitriformes,Accipitridae,Buteo leucorrhous,White-rumped Hawk,290
Accipitriformes,Accipitridae,Buteo brachyurus,Short-tailed Hawk,496.01
Accipitriformes,Accipitridae,Buteo albigula,White-throated Hawk,524.99
Accipitriformes,Accipitridae,Buteo swainsoni,Swainson's Hawk,946.61
Accipitriformes,Accipitridae,Buteo galapagoensis,Galapagos Hawk,1137.44
Accipitriformes,Accipitridae,Buteo albicaudatus,White-tailed Hawk,885
Accipitriformes,Accipitridae,Buteo polyosoma,Red-backed Hawk,782.61
Accipitriformes,Accipitridae,Buteo albonotatus,Zone-tailed Hawk,745.92
Accipitriformes,Accipitridae,Buteo solitarius,Hawaiian Hawk,500.88
Accipitriformes,Accipitridae,Buteo jamaicensis,Red-tailed Hawk,1101.16
Accipitriformes,Accipitridae,Buteo ventralis,Rufous-tailed Hawk,1190.52
Accipitriformes,Accipitridae,Buteo buteo,Common Buzzard,759.1
Accipitriformes,Accipitridae,Buteo oreophilus,Mountain Buzzard,699.99
Accipitriformes,Accipitridae,Buteo brachypterus,Madagascar Buzzard,511
Accipitriformes,Accipitridae,Buteo rufinus,Long-legged Buzzard,1166.18
Accipitriformes,Accipitridae,Buteo hemilasius,Upland Buzzard,1358.89
Accipitriformes,Accipitridae,Buteo regalis,Ferruginous Hawk,1437.18
Accipitriformes,Accipitridae,Buteo lagopus,Rough-legged Hawk,949.76
Accipitriformes,Accipitridae,Buteo auguralis,Red-necked Buzzard,663.92
Accipitriformes,Accipitridae,Buteo augur,Augur Buzzard,1099.18
Accipitriformes,Accipitridae,Buteo archeri,Archer's Buzzard,866.4
Accipitriformes,Accipitridae,Buteo rufofuscus,Jackal Buzzard,1530
Accipitriformes,Accipitridae,Morphnus guianensis,Crested Eagle,1750
Accipitriformes,Accipitridae,Harpia harpyja,Harpy Eagle,4800
Accipitriformes,Accipitridae,Harpyopsis novaeguineae,New Guinea Eagle,1959.59
Accipitriformes,Accipitridae,Pithecophaga jefferyi,Philippine Eagle,5175.32
Accipitriformes,Accipitridae,Ictinaetus malayensis,Black Eagle,1028
Accipitriformes,Accipitridae,Aquila pomarina,Lesser Spotted Eagle,1359.41
Accipitriformes,Accipitridae,Aquila clanga,Greater Spotted Eagle,2154.29
Accipitriformes,Accipitridae,Aquila rapax,Tawny Eagle,2236.06
Accipitriformes,Accipitridae,Aquila nipalensis,Steppe Eagle,2714.33
Accipitriformes,Accipitridae,Aquila adalberti,Spanish Imperial Eagle,2958.03
Accipitriformes,Accipitridae,Aquila heliaca,Eastern Imperial Eagle,3125.21
Accipitriformes,Accipitridae,Aquila gurneyi,Gurney's Eagle,3059.99
Accipitriformes,Accipitridae,Aquila chrysaetos,Golden Eagle,4247.97
Accipitriformes,Accipitridae,Aquila audax,Wedge-tailed Eagle,3449.86
Accipitriformes,Accipitridae,Aquila verreauxii,Verreaux's Eagle,4195
Accipitriformes,Accipitridae,Aquila wahlbergi,Wahlberg's Eagle,639.99
Accipitriformes,Accipitridae,Aquila fasciatus,Bonelli's Eagle,1936.49
Accipitriformes,Accipitridae,Hieraaetus spilogaster,African Hawk-eagle,1466.17
Accipitriformes,Accipitridae,Hieraaetus pennatus,Booted Eagle,823.75
Accipitriformes,Accipitridae,Hieraaetus morphnoides,Little Eagle,775.05
Accipitriformes,Accipitridae,Hieraaetus ayresii,Ayres's Hawk-eagle,806.06
Accipitriformes,Accipitridae,Lophotriorchis kienerii,Rufous-bellied Eagle,799
Accipitriformes,Accipitridae,Polemaetus bellicosus,Martial Eagle,3964.54
Accipitriformes,Accipitridae,Spizaetus melanoleucus,Black-and-white Hawk-eagle,850
Accipitriformes,Accipitridae,Lophaetus occipitalis,Long-crested Eagle,1067
Accipitriformes,Accipitridae,Aquila africanus,Cassin's Hawk-eagle,1047
Accipitriformes,Accipitridae,Nisaetus cirrhatus,Changeable Hawk-eagle,1475.12
Accipitriformes,Accipitridae,Nisaetus nipalensis,Mountain Hawk-eagle,3004.99
Accipitriformes,Accipitridae,Nisaetus alboniger,Blyth's Hawk-eagle,829.99
Accipitriformes,Accipitridae,Nisaetus bartelsi,Javan Hawk-eagle,1391.37
Accipitriformes,Accipitridae,Nisaetus lanceolatus,Sulawesi Hawk-eagle,1391.37
Accipitriformes,Accipitridae,Nisaetus philippensis,Philippine Hawk-eagle,1168
Accipitriformes,Accipitridae,Nisaetus nanus,Wallace's Hawk-eagle,557.76
Accipitriformes,Accipitridae,Spizaetus tyrannus,Black Hawk-eagle,1007.11
Accipitriformes,Accipitridae,Spizaetus ornatus,Ornate Hawk-eagle,1197.4
Accipitriformes,Accipitridae,Stephanoaetus coronatus,Crowned Hawk-eagle,3640
Accipitriformes,Accipitridae,Spizaetus isidori,Black-and-chestnut Eagle,3087
Accipitriformes,Accipitridae,Sagittarius serpentarius,Secretarybird,4017
Falconiformes,Falconidae,Herpetotheres cachinnans,Laughing Falcon,623.58
Falconiformes,Falconidae,Micrastur ruficollis,Barred Forest-falcon,177.64
Falconiformes,Falconidae,Micrastur plumbeus,Plumbeous Forest-falcon,185.41
Falconiformes,Falconidae,Micrastur gilvicollis,Lined Forest-falcon,209
Falconiformes,Falconidae,Micrastur mirandollei,Slaty-backed Forest-falcon,548.99
Falconiformes,Falconidae,Micrastur semitorquatus,Collared Forest-falcon,621.68
Falconiformes,Falconidae,Micrastur buckleyi,Buckley's Forest-falcon,464
Falconiformes,Falconidae,Daptrius ater,Black Caracara,351.75
Falconiformes,Falconidae,Ibycter americanus,Red-throated Caracara,624
Falconiformes,Falconidae,Phalcoboenus carunculatus,Carunculated Caracara,991
Falconiformes,Falconidae,Phalcoboenus megalopterus,Mountain Caracara,787.99
Falconiformes,Falconidae,Phalcoboenus albogularis,White-throated Caracara,808.99
Falconiformes,Falconidae,Phalcoboenus australis,Striated Caracara,1187
Falconiformes,Falconidae,Caracara plancus,Southern Caracara,1078.62
Falconiformes,Falconidae,Milvago chimachima,Yellow-headed Caracara,315.21
Falconiformes,Falconidae,Milvago chimango,Chimango Caracara,296
Falconiformes,Falconidae,Spiziapteryx circumcincta,Spot-winged Falconet,166.24
Falconiformes,Falconidae,Polihierax semitorquatus,Pygmy Falcon,61.5
Falconiformes,Falconidae,Polihierax insignis,White-rumped Falcon,96.99
Falconiformes,Falconidae,Microhierax caerulescens,Collared Falconet,38.72
Falconiformes,Falconidae,Microhierax fringillarius,Black-thighed Falconet,42.9
Falconiformes,Falconidae,Microhierax latifrons,White-fronted Falconet,41.2
Falconiformes,Falconidae,Microhierax erythrogenys,Philippine Falconet,49.96
Falconiformes,Falconidae,Microhierax melanoleucos,Pied Falconet,64.22
Falconiformes,Falconidae,Falco berigora,Brown Falcon,587.01
Falconiformes,Falconidae,Falco naumanni,Lesser Kestrel,152.06
Falconiformes,Falconidae,Falco tinnunculus,Common Kestrel,183.21
Falconiformes,Falconidae,Falco newtoni,Madagascar Kestrel,123.38
Falconiformes,Falconidae,Falco punctatus,Mauritius Kestrel,167.41
Falconiformes,Falconidae,Falco araea,Seychelles Kestrel,79.77
Falconiformes,Falconidae,Falco moluccensis,Spotted Kestrel,220
Falconiformes,Falconidae,Falco cenchroides,Nankeen Kestrel,170.47
Falconiformes,Falconidae,Falco sparverius,American Kestrel,114.61
Falconiformes,Falconidae,Falco rupicoloides,Greater Kestrel,261
Falconiformes,Falconidae,Falco alopex,Fox Kestrel,273.86
Falconiformes,Falconidae,Falco ardosiaceus,Grey Kestrel,234.16
Falconiformes,Falconidae,Falco dickinsoni,Dickinson's Kestrel,209
Falconiformes,Falconidae,Falco zoniventris,Banded Kestrel,174
Falconiformes,Falconidae,Falco chicquera,Red-necked Falcon,208
Falconiformes,Falconidae,Falco vespertinus,Red-footed Falcon,151.49
Falconiformes,Falconidae,Falco amurensis,Amur Falcon,141.87
Falconiformes,Falconidae,Falco eleonorae,Eleonora's Falcon,390
Falconiformes,Falconidae,Falco concolor,Sooty Falcon,250
Falconiformes,Falconidae,Falco femoralis,Aplomado Falcon,335.76
Falconiformes,Falconidae,Falco columbarius,Merlin,188.5
Falconiformes,Falconidae,Falco rufigularis,Bat Falcon,163.64
Falconiformes,Falconidae,Falco deiroleucus,Orange-breasted Falcon,459.56
Falconiformes,Falconidae,Falco subbuteo,Eurasian Hobby,208.17
Falconiformes,Falconidae,Falco cuvierii,African Hobby,182.2
Falconiformes,Falconidae,Falco severus,Oriental Hobby,200.64
Falconiformes,Falconidae,Falco longipennis,Australian Hobby,249.81
Falconiformes,Falconidae,Falco novaeseelandiae,New Zealand Falcon,418.6
Falconiformes,Falconidae,Falco hypoleucos,Grey Falcon,457.2
Falconiformes,Falconidae,Falco subniger,Black Falcon,776.04
Falconiformes,Falconidae,Falco biarmicus,Lanner Falcon,606.09
Falconiformes,Falconidae,Falco jugger,Laggar Falcon,755
Falconiformes,Falconidae,Falco cherrug,Saker Falcon,961.21
Falconiformes,Falconidae,Falco rusticolus,Gyr Falcon,1431.72
Falconiformes,Falconidae,Falco mexicanus,Prairie Falcon,713.07
Falconiformes,Falconidae,Falco peregrinus,Peregrine Falcon,759.95
Falconiformes,Falconidae,Falco fasciinucha,Taita Falcon,254.69
Accipitriformes,Cathartidae,Coragyps atratus,Black Vulture,1881.69
Accipitriformes,Cathartidae,Cathartes aura,Turkey Vulture,1518.24
Accipitriformes,Cathartidae,Cathartes burrovianus,Lesser Yellow-headed Vulture,935
Accipitriformes,Cathartidae,Cathartes melambrotus,Greater Yellow-headed Vulture,1373
Accipitriformes,Cathartidae,Gymnogyps californianus,California Condor,8442.74
Accipitriformes,Cathartidae,Vultur gryphus,Andean Condor,11236.1
Accipitriformes,Cathartidae,Sarcoramphus papa,King Vulture,3400
Accipitriformes,Accipitridae,Circaetus beaudouini,Beaudouin's Snake-eagle,1539.2
Accipitriformes,Accipitridae,Accipiter toussenelii,Red-chested Goshawk,249.29
Strigiformes,Strigidae,Bubo cinerascens,Greyish Eagle-Owl,499.99
Strigiformes,Strigidae,Glaucidium nubicola,Cloud-forest Pygmy-owl,77.53
Strigiformes,Strigidae,Ptilopsis granti,Southern White-faced Owl,214.42
Strigiformes,Strigidae,Strix chacoensis,Chaco Owl,330
Strigiformes,Strigidae,Bubo magellanicus,Lesser Horned Owl,1166.38
Strigiformes,Strigidae,Otus moheliensis,Moheli Scops-owl,104.97
Strigiformes,Strigidae,Glaucidium costaricanum,Costa Rican Pygmy-owl,65.99
Strigiformes,Strigidae,Megascops colombianus,Colombian Screech-owl,172
Strigiformes,Strigidae,Otus alius,Nicobar Scops-owl,123.28
Strigiformes,Strigidae,Megascops petersoni,Cinnamon Screech-owl,100
Strigiformes,Strigidae,Otus collari,Sangihe Scops-owl,81.91
Falconiformes,Falconidae,Micrastur mintoni,Cryptic Forest-falcon,209.5
Strigiformes,Strigidae,Ninox burhani,Togian Hawk-owl,99
Strigiformes,Strigidae,Otus thilohoffmanni,Serendib Scops-owl,110.2
Strigiformes,Strigidae,Ninox sumbaensis,Little Sumba Hawk-owl,90
Strigiformes,Strigidae,Ninox ios,Cinnabar Hawk-owl,86
Strigiformes,Strigidae,Glaucidium mooreorum,Pernambuco Pygmy-owl,51
Strigiformes,Strigidae,Otus siaoensis,Siau Scops-owl,165
Strigiformes,Strigidae,Otus mayottensis,Mayotte Scops-owl,101
Accipitriformes,Accipitridae,Chondrohierax wilsonii,Cuban Kite,286.07
Accipitriformes,Accipitridae,Gyps tenuirostris,Slender-billed Vulture,5515
Accipitriformes,Accipitridae,Circus macrosceles,Madagascar Harrier,663.6
Accipitriformes,Accipitridae,Buteogallus gundlachii,Cuban Black Hawk,975.09
Accipitriformes,Accipitridae,Aquila hastata,Indian Spotted Eagle,1359.41
Accipitriformes,Accipitridae,Hieraaetus weiskei,New Guinea Hawk-eagle,775.05
Accipitriformes,Accipitridae,Nisaetus floris,Flores Hawk-eagle,1475.12
Falconiformes,Falconidae,Caracara cheriway,Crested Caracara,1078.62
Falconiformes,Falconidae,Falco pelegrinoides,Barbary Falcon,759.95
